[{"id":"tes","total":101},{"id":"menu","total":87},{"id":"join","total":3},{"id":"simi","total":2},{"id":"public","total":3},{"id":"nickml","total":1},{"id":"self","total":1},{"id":"rules","total":6},{"id":"id","total":4},{"id":"karakter","total":1},{"id":"ssweb","total":2},{"id":"game2","total":10},{"id":"stiker","total":28},{"id":"gamenya","total":4},{"id":"inventori","total":3},{"id":"profile","total":1},{"id":"hidetag","total":4},{"id":"caklontong","total":12},{"id":"couple","total":51},{"id":"sticker","total":12},{"id":"ytmp4","total":11},{"id":"ping","total":10},{"id":"owner","total":2},{"id":"s","total":19},{"id":"changeproses","total":1},{"id":"","total":1},{"id":"hilih","total":1},{"id":"play","total":10},{"id":"ytmp3","total":2},{"id":"addlist","total":6},{"id":"list","total":19},{"id":"deposit","total":1},{"id":"dellist","total":3},{"id":"notifowner","total":1},{"id":"topup","total":2},{"id":"del","total":2},{"id":"0","total":2},{"id":"promote","total":2},{"id":"antiwame","total":1},{"id":"add","total":10},{"id":"antilink","total":4},{"id":"linkgc","total":4},{"id":"setwelcome","total":1},{"id":"kali","total":1},{"id":"tambah","total":1},{"id":"kurang","total":1},{"id":"bagi","total":1},{"id":"setp","total":1},{"id":"mediafire","total":3},{"id":"setd","total":1},{"id":"delsetp","total":1},{"id":"delsetdone","total":1},{"id":"kick","total":7},{"id":"close","total":1},{"id":"open","total":1},{"id":"revoke","total":1},{"id":"welcome","total":1},{"id":"pm","total":1},{"id":"demote","total":1},{"id":"addkey","total":1},{"id":"setkey","total":1},{"id":"listkey","total":1},{"id":"infogc","total":1},{"id":"games","total":1},{"id":"truth","total":4},{"id":"dare","total":6},{"id":"gopay","total":1},{"id":"topupff","total":1},{"id":"tp1","total":1},{"id":"left","total":1},{"id":"exif","total":12}]